time,user,system
2025-07-25 22:47:34,0.0399749,0.0259287
