time,anon,kernel_stack,slab,sock,anon_thp,file
2025-07-25 22:47:34,67.63281,0.1875,8.599823,0.0039062,0,351.6953
